"ID","RMSE","R_squared","Season","Month","Nature","Active","Start_Lat","Start_Lon","Start_Speed"
"ABBY.1960",8.85750006888783,0.771200224978623,10,"July","TS","Inactive",13,-56.2,30
"ABBY.1964",9.60655402344949,0.308570185457593,14,"August","TS","Active",27,-88.1,25
"ABBY.1968",3.5192247967512,0.935412144762523,18,"June","TS","Inactive",17.2,-85.5,30
"ABLE.1950",3.68733970493876,0.981136703603589,0,"August","TS","Active",17.1,-55.5,35
"ABLE.1951",3.49564812025288,0.976541057546376,1,"May","TS","Inactive",28,-64.6,25
"ABLE.1952",4.54952856617113,0.957709117832705,2,"August","TS","Active",14.6,-19,25
"AGNES.1972",5.24791118126698,0.888111611066284,22,"June","TS","Inactive",20,-89,25
"ALBERTO.1982",8.04798899045638,0.749814960895037,32,"June","TS","Inactive",21.7,-87.1,20
"ALBERTO.1988",2.60823131758632,0.742766455209185,38,"August","TS","Active",32,-77.5,20
"ALBERTO.1994",4.38556939358333,0.881196201983906,44,"June","TS","Inactive",21.7,-83.6,25
"ALBERTO.2000",3.78453678515157,0.962619740116046,50,"August","TS","Active",10.8,-18,25
"ALBERTO.2006",4.37036200073048,0.787101197257958,56,"June","TS","Inactive",20,-85,25
"ALBERTO.2012",3.24016079182513,0.801078362922258,62,"May","DS","Inactive",33.1,-77,25
"ALEX.1998",2.93783892434642,0.728338962505287,48,"July","TS","Inactive",11.3,-25.4,25
"ALEX.2004",5.45165630165286,0.954001830450015,54,"July","TS","Inactive",30.3,-78.3,25
"ALEX.2010",7.04069028138826,0.820469270832507,60,"June","DS","Inactive",15.9,-82,25
"ALFA.1973",3.60864152154508,0.531197429283309,23,"July","SS","Inactive",32.6,-74.1,25
"ALICE.1953",3.87615673274579,0.782507722436864,3,"May","TS","Inactive",14.4,-81.8,35
"ALICE.1954(1)",9.07340123508919,0.771908959382392,4,"June","TS","Inactive",22,-94,50
"ALICE.1954(2)",3.56174120849971,0.945838393451942,4,"December","TS","Inactive",22.1,-50.9,30
"ALICE.1973",4.57387869681687,0.9075087423788,23,"July","TS","Inactive",26,-67.8,30
"ALICIA.1983",8.68705105654152,0.894436444125618,33,"August","TS","Active",27.3,-90.5,30
"ALLEN.1980",8.39868782077502,0.963559067114103,30,"July","NR","Inactive",11,-30,25
"ALLISON.1989",2.89784169929495,0.842750668044855,39,"June","TS","Inactive",27,-96,30
"ALLISON.1995",4.55776188420043,0.781466460309354,45,"June","TS","Inactive",17.4,-84.3,30
"ALLISON.2001",3.26977532295972,0.713022181258047,51,"June","TS","Inactive",27.5,-95,40
"ALMA.1958",3.12404984303429,0.906445599862394,8,"June","TS","Inactive",21.1,-94.5,30
"ALMA.1962",4.8746117870786,0.934357707475036,12,"August","TS","Active",25.3,-79.7,25
"ALMA.1966",8.04541389373266,0.880629442652897,16,"June","TS","Inactive",12.7,-84,25
"ALMA.1970",5.75615734377278,0.744956128510415,20,"May","TS","Inactive",11.5,-79,25
"ALMA.1974",6.38771562439009,0.412243783491982,24,"August","TS","Active",10.5,-43,25
"ALPHA.1972",6.40278531297656,0.675918345025577,22,"May","SS","Inactive",31.2,-78.2,25
"ALPHA.2005",4.3186031035583,0.536457748726969,55,"October","TS","Active",15.8,-67.5,30
"AMELIA.1978",3.94383182595155,0.502278096915573,28,"July","TS","Inactive",25.7,-97,30
"AMY.1975",2.36006223414926,0.966872131237925,25,"June","TS","Inactive",27.5,-79,25
"ANA.1979",4.19471746269261,0.631511291519167,29,"June","TS","Inactive",10,-45,25
"ANA.1985",3.29547805467181,0.868807739948881,35,"July","TS","Inactive",29.4,-64.2,30
"ANA.1991",2.98768038927723,0.907953648277163,41,"June","DS","Inactive",25.9,-78,20
"ANA.1997",2.30585170111081,0.821325680521858,47,"June","TS","Inactive",32,-77.2,30
"ANA.2003",2.65527282903206,0.832428843271878,53,"April","ET","Inactive",29.1,-66.2,30
"ANA.2009",2.56108100124458,0.636724781203547,59,"August","DS","Active",14.3,-24,25
"ANDREA.2007",3.75610013323676,0.92588962907328,57,"May","ET","Inactive",35.5,-74,35
"ANDREA.2013",5.11756369112747,0.287882149648924,63,"June","TS","Inactive",25.1,-86.6,35
"ANDREW.1986",1.91287129453767,0.88432596588139,36,"June","SS","Inactive",26.2,-75.8,30
"ANDREW.1992",8.69062160301899,0.952057308457449,42,"August","TS","Active",10.8,-35.5,25
"ANITA.1977",11.5560885691993,0.886144355507628,27,"August","TS","Active",26.9,-88.4,20
"ANNA.1956",7.88931239655394,0.27626453383233,6,"July","TS","Inactive",20.6,-92.7,30
"ANNA.1961",3.2321156746365,0.943138357969075,11,"July","TS","Inactive",11.5,-60.2,35
"ANNA.1965",4.07760048425119,0.94386385073926,15,"August","TS","Active",32.4,-51.8,35
"ANNA.1969",4.4755770803496,0.784557723159091,19,"July","TS","Inactive",9.2,-27,30
"ANNA.1976",2.6531666237869,0.81314985723442,26,"July","SS","Inactive",28,-52.3,20
"ARLENE.1959",3.36830163879728,0.850717685132574,9,"May","TS","Inactive",23.8,-86.6,30
"ARLENE.1963",7.67144004167014,0.887312315664595,13,"July","TS","Inactive",11,-39.4,25
"ARLENE.1967",4.21253321988979,0.90815461173018,17,"August","TS","Active",15.8,-35.8,30
"ARLENE.1971",5.56358697124808,0.588099094665953,21,"July","TS","Inactive",33.5,-75.5,25
"ARLENE.1981",10.6956834795153,-0.871961465174155,31,"May","TS","Inactive",18.4,-83.6,30
"ARLENE.1987",3.43932789032744,0.960660427730807,37,"August","DS","Active",34.3,-77.5,10
"ARLENE.1993",2.93403808590626,0.270802678532364,43,"June","TS","Inactive",20.5,-91.9,25
"ARLENE.1999",2.84598251646314,0.853174536749269,49,"June","TS","Inactive",27.1,-58.1,30
"ARLENE.2005",4.32517465576282,0.913659373217602,55,"June","TS","Inactive",16.9,-84,25
"ARLENE.2011",5.33586471055431,0.621641831105132,61,"June","DS","Inactive",19.9,-92.8,25
"ARTHUR.1984",2.85462259250496,0.753352308347724,34,"August","TS","Active",10.5,-51,25
"ARTHUR.1990",3.63106739500475,0.893241696946829,40,"July","TS","Inactive",8.8,-41.9,25
"ARTHUR.1996",3.29352560345171,0.770123212702688,46,"June","TS","Inactive",26.8,-77.8,25
"ARTHUR.2002",3.23139539522094,0.713895911299564,52,"July","TS","Inactive",34.3,-76.8,30
"ARTHUR.2008",3.52474466285386,0.0634347354191972,58,"May","TS","Inactive",17.5,-87.5,35
"AUDREY.1957",17.8763487715322,0.596283743877996,7,"June","TS","Inactive",21.6,-93.3,60
"BABE.1977",4.83072083578467,0.873697980699474,27,"September","SS","Active",26.8,-86.3,25
"BAKER.1950",5.17429752009206,0.932572084214835,0,"August","TS","Active",12,-54,30
"BAKER.1951",3.04579606178578,0.772783819297352,1,"August","TS","Active",21,-52,25
"BAKER.1952",2.52566991421383,0.983466749985217,2,"August","TS","Active",16.7,-58.4,60
"BARBARA.1953",5.59536151711709,0.837149178115813,3,"August","TS","Active",22.8,-73.9,35
"BARBARA.1954",3.17787970125019,0.733325409709462,4,"July","TS","Inactive",27.8,-89.9,25
"BARRY.1983",7.7560341961867,0.690342609274447,33,"August","TS","Active",26,-76,25
"BARRY.1989",3.06784298673908,0.742998921454,39,"July","TS","Inactive",12.8,-37.8,25
"BARRY.1995",4.9916941726784,0.828502557338568,45,"July","TS","Inactive",32,-72,20
"BARRY.2001",8.01021055842006,0.746074235289709,51,"August","TS","Active",25.7,-84.8,30
"BARRY.2007",4.11087681942321,0.653367677814337,57,"May","DS","Inactive",18.1,-87,25
"BARRY.2013",3.50590993094816,0.585308691191079,63,"June","DS","Inactive",12.4,-81.5,20
"BECKY.1958",2.44941247677537,0.946670031276597,8,"August","TS","Active",15.3,-21,25
"BECKY.1962",2.49387361753079,0.897466995195689,12,"August","TS","Active",16,-18.8,15
"BECKY.1966",11.0307192696458,0.0460541419710413,16,"July","TS","Inactive",32.4,-57.8,25
"BECKY.1970",4.17038706513728,0.868764358461734,20,"July","TS","Inactive",18.5,-83.5,25
"BECKY.1974",5.35497776395104,0.960270877876253,24,"August","TS","Active",27,-69,25
"BELLE.1976",5.04129540227379,0.959683019121644,26,"August","TS","Active",26,-72.8,25
"BERTHA.1957",7.27352098837033,0.795808707631263,7,"August","TS","Active",27,-88.9,35
"BERTHA.1984",2.55735785155371,0.789029703841826,34,"August","TS","Active",13.1,-41,25
"BERTHA.1990",3.76706150230081,0.958076277237204,40,"July","SS","Inactive",34,-75,20
"BERTHA.1996",5.88638019939179,0.899354030324599,46,"July","TS","Inactive",9.8,-34,30
"BERTHA.2002",2.92428723640778,0.640172507468875,52,"August","TS","Active",29,-88.5,25
"BERTHA.2008",4.71143386842643,0.906708785313488,58,"July","TS","Inactive",12.7,-22.9,30
"BERYL.1982",3.14597590753635,0.940451736722844,32,"August","TS","Active",13.7,-22.2,30
"BERYL.1988",3.87086415432986,0.7926146809512,38,"August","TS","Active",30.4,-90.3,25
"BERYL.1994",5.18161863447993,0.82602218355265,44,"August","TS","Active",28.7,-87.2,20
"BERYL.2000",5.7457882514208,0.411749073135237,50,"August","TS","Active",22.5,-93.5,30
"BERYL.2006",3.34058586906818,0.751396966491182,56,"July","TS","Inactive",32.3,-73.3,30
"BERYL.2012",4.8394482323764,0.702020605415602,62,"May","DS","Inactive",30.1,-76.1,30
"BESS.1978",4.54584636861992,0.579759491754877,28,"August","TS","Active",25.3,-90.4,20
"BETA.2005",8.57223928248379,0.830180805263494,55,"October","TS","Active",10.4,-80.9,30
"BETH.1971",4.7878489668049,0.930427852437996,21,"August","TS","Active",26.7,-79.9,20
"BETSY.1956",7.58621623990649,0.844301378101564,6,"August","TS","Active",13.5,-47.2,50
"BETSY.1961",3.06864073384313,0.974828503330187,11,"September","TS","Active",13.3,-41.7,40
"BETSY.1965",7.98678546630457,0.949243536723881,15,"August","TS","Active",10.9,-50.5,25
"BETTY.1972",4.79705206976205,0.942914479327085,22,"August","SS","Active",36.5,-64,30
"BEULAH.1959",6.80626624517963,0.403685480400759,9,"June","TS","Inactive",21.1,-94.7,25
"BEULAH.1963",4.76011946988846,0.938225380552626,13,"August","TS","Active",13.7,-49.5,30
"BEULAH.1967",8.57195953540135,0.929671027868786,17,"September","TS","Active",14,-57,30
"BILL.1997",6.24451523163369,0.545070344422107,47,"July","TS","Inactive",30.4,-69.9,30
"BILL.2003",3.9091098488681,0.885985278097693,53,"June","DS","Inactive",19.5,-89,20
"BILL.2009",3.88434175399737,0.974304472330277,59,"August","TS","Active",11.8,-32,30
"BLANCHE.1969",13.8441997455527,0.158397292482693,19,"August","TS","Active",28.1,-71.7,30
"BLANCHE.1975",4.5643394757001,0.937092682840478,25,"July","TS","Inactive",26,-68.4,20
"BOB.1979",5.45982497350018,0.867734247763994,29,"July","TS","Inactive",22,-96,20
"BOB.1985",4.52438733844917,0.877689143837429,35,"July","TS","Inactive",26,-85,25
"BOB.1991",4.06885836968867,0.969454770325834,41,"August","TS","Active",25.6,-74.3,25
"BONNIE.1980",6.0165455070784,0.8120147124254,30,"August","TS","Active",12.7,-35.5,25
"BONNIE.1986",7.2002142965974,0.876514171386996,36,"June","TS","Inactive",25.6,-87.2,25
"BONNIE.1992",3.86487250302204,0.972985306883321,42,"September","TS","Active",33.8,-59,30
"BONNIE.1998",4.65757788712984,0.966029006838073,48,"August","TS","Active",14.7,-48.1,25
"BONNIE.2004",3.91740691310495,0.840760769708036,54,"August","TS","Active",12.9,-53.6,25
"BONNIE.2010",3.55943170110947,0.68742268147564,60,"July","TS","Inactive",21.5,-73.8,30
"BRENDA.1955",2.86556913962553,0.960052227867153,5,"July","TS","Inactive",27.5,-88.4,50
"BRENDA.1960",5.26749867701031,0.481103624289355,10,"July","TS","Inactive",27,-86,30
"BRENDA.1964",5.06232212913286,-0.0692688779421022,14,"August","TS","Active",32,-69,25
"BRENDA.1968",4.06113401768877,0.941801262712674,18,"June","TS","Inactive",24,-80.5,25
"BRENDA.1973",9.1529290991091,0.517410205017183,23,"August","TS","Active",20.5,-83.7,30
"BRET.1981",5.55571788462645,0.864355689734139,31,"June","SS","Inactive",36,-65,35
"BRET.1987",2.7754963249031,0.793621079379481,37,"August","TS","Active",14.8,-20,25
"BRET.1993",3.22168646956824,0.843471672799942,43,"August","TS","Active",10.4,-40.3,30
"BRET.1999",7.75230628435436,0.949823751890956,49,"August","TS","Active",19.5,-94.4,30
"BRET.2005",5.08603053334245,-0.0347082634436671,55,"June","TS","Inactive",19.7,-95.4,30
"BRET.2011",3.83767654181202,0.879971627237008,61,"July","DS","Inactive",30.7,-79.7,20
"CAMILLE.1969",9.16669599074649,0.951870172015153,19,"August","TS","Active",18.3,-79.7,30
"CANDICE.1976",6.61260085097275,0.856282614367462,26,"August","TS","Active",31.7,-68.2,30
"CANDY.1968",9.7414260313753,0.0675977087160571,18,"June","TS","Inactive",20,-96,25
"CARLA.1956",2.03871180090308,0.846288591658845,6,"September","TS","Active",21,-74.8,30
"CARLA.1961",4.09891189865554,0.989348773509939,11,"September","TS","Active",12.5,-77,25
"CARMEN.1974",8.40262689442806,0.929230872133826,24,"August","TS","Active",16.8,-55.8,30
"CAROL.1953",4.58413622523338,0.982921557134659,3,"August","TS","Active",16,-20.5,25
"CAROL.1954",3.70298609621354,0.909390188900923,4,"August","TS","Active",24,-74.9,30
"CAROL.1965",3.87042037829257,0.941818117343147,15,"September","TS","Active",13.3,-20.1,25
"CAROLINE.1975",7.94382616731004,0.887728772408482,25,"August","TS","Active",22.4,-69.8,25
"CARRIE.1957",3.50030811346591,0.981960419584498,7,"September","TS","Active",13,-21.7,25
"CARRIE.1972",3.02421846058157,0.862811540540164,22,"August","TS","Active",29,-78.5,30
"CELIA.1962",3.6173947417603,0.84590804018446,12,"September","TS","Active",15.9,-45.9,25
"CELIA.1966",8.00151483061583,0.736892922290234,16,"July","TS","Inactive",19.1,-59.5,25
"CELIA.1970",14.2900731731946,0.73311065527063,20,"July","TS","Inactive",18.5,-82.5,25
"CESAR.1984",3.02978651233422,0.646938218833755,34,"August","SS","Active",36.6,-66.9,25
"CESAR.1990",2.67985497660413,0.902031716349963,40,"July","TS","Inactive",10.1,-22.2,25
"CESAR.1996",7.0449693582696,0.700683314499825,46,"July","TS","Inactive",11.8,-62.6,25
"CHANTAL.1983",4.64641858992534,0.868578625628024,33,"September","TS","Active",30.2,-64.4,25
"CHANTAL.1989",6.22299169160899,0.884980127849595,39,"July","TS","Inactive",22.5,-90,20
"CHANTAL.1995",2.41464051909875,0.93199253435371,45,"July","TS","Inactive",17.1,-54.9,25
"CHANTAL.2001",4.10093305779264,0.885766892452477,51,"August","TS","Active",12.8,-37,25
"CHANTAL.2007",4.72585117370351,0.521886011244965,57,"July","TS","Inactive",35.5,-66.5,30
"CHANTAL.2013",3.67833072050574,0.715279279370544,63,"July","TS","Inactive",9.3,-41.4,35
"CHARLEY.1980",3.02450260109776,0.953843627958135,30,"August","SS","Active",36,-73,25
"CHARLEY.1986",3.79095426530038,0.926725532889934,36,"August","SS","Active",30.1,-84,10
"CHARLEY.1992",3.51042706999307,0.966716703127819,42,"September","TS","Active",30,-33,25
"CHARLEY.1998",9.84481497194396,0.413492394361198,48,"August","TS","Active",25.3,-92.3,25
"CHARLEY.2004",12.4016001155449,0.747759933063737,54,"August","TS","Active",11.4,-59.2,30
"CHARLIE.1950",2.82101696241632,0.982021433714833,0,"August","TS","Active",11.1,-26.4,35
"CHARLIE.1951",8.20040005919424,0.931099834906933,1,"August","TS","Active",12.2,-45.7,25
"CHARLIE.1952",3.73993094071118,0.978631073747601,2,"September","TS","Active",14.4,-62.2,25
"CHARLIE.1972",3.30335990711396,0.86080517783462,22,"September","SS","Active",37.5,-59.5,25
"CHLOE.1967",3.78078505776482,0.97118909582429,17,"September","TS","Active",15.4,-20.3,30
"CHLOE.1971",2.93071455359831,0.891388638294596,21,"August","TS","Active",13,-52.5,30
"CHRIS.1982",5.44366221026144,0.683047322300246,32,"September","SS","Active",26.2,-91,25
"CHRIS.1988",2.79376392375713,0.694166849501251,38,"August","TS","Active",14.9,-43.3,25
"CHRIS.1994",3.32388396562093,0.937505105197266,44,"August","TS","Active",11.3,-39.4,30
"CHRIS.2000",4.12951551857744,0.164407977509577,50,"August","TS","Active",14.2,-51.9,25
"CHRIS.2006",4.14312585255114,0.901688546791374,56,"August","TS","Active",16.3,-58.1,30
"CHRIS.2012",3.34405951306751,0.935518139755542,62,"June","DS","Inactive",28.8,-68.8,20
"CHRISTINE.1973",3.856556101163,0.85217058587813,23,"August","TS","Active",11,-14,30
"CINDY.1959",3.92849366205304,0.904029181336601,9,"July","TS","Inactive",29.6,-78.5,25
"CINDY.1963",8.01848094294553,0.826836172257015,13,"September","TS","Active",26.7,-93.7,40
"CINDY.1981",4.17546624000492,0.751821803253796,31,"August","SS","Active",36.1,-67.8,30
"CINDY.1987",1.99051886355427,0.839912511266046,37,"September","TS","Active",15.2,-31.3,25
"CINDY.1993",2.99834195773723,-0.618209809194952,43,"August","TS","Active",14.1,-59.5,30
"CINDY.1999",4.69474174167198,0.96526339515546,49,"August","TS","Active",13.5,-18.9,30
"CINDY.2005",4.43046021819392,0.852145362440268,55,"July","TS","Inactive",18.3,-86.7,30
"CINDY.2011",3.20481704284001,0.81588546286705,61,"July","TS","Inactive",33,-59.5,30
"CLARA.1977",4.49576549929658,0.879805498188241,27,"September","TS","Active",32.8,-80,20
"CLAUDETTE.1979",2.70515737206641,0.886711483453803,29,"July","TS","Inactive",12.5,-46.3,20
"CLAUDETTE.1985",4.34823099877597,0.907930581056686,35,"August","SS","Active",31.5,-80.5,25
"CLAUDETTE.1991",4.67916221102034,0.975020468913815,41,"September","TS","Active",26.7,-55.9,25
"CLAUDETTE.1997",4.20452093935451,-0.184576848060249,47,"July","ET","Inactive",31.3,-73.6,25
"CLAUDETTE.2003",5.85671935498271,0.743390063842047,53,"July","DS","Inactive",11.1,-53.5,25
"CLAUDETTE.2009",8.75575364444016,0.427886403864722,59,"August","TS","Active",27,-83.4,30
"CLEO.1958",5.86860099999088,0.963848257865115,8,"August","TS","Active",10.8,-21.6,35
"CLEO.1960",8.18671089592908,0.717184575165904,10,"August","TS","Active",24.4,-75.5,35
"CLEO.1964",6.47480465072769,0.962211829129411,14,"August","TS","Active",13.1,-44.3,30
"COLIN.2010",3.4291480484272,0.468095021718923,60,"August","TS","Active",12.5,-40.7,30
"CONNIE.1955",5.16381156077017,0.982270452943493,5,"August","TS","Active",15.3,-35.6,30
"CORA.1978",5.35467625106454,0.907569780358912,28,"August","TS","Active",13,-35,25
"CRISTOBAL.2002",2.25330306948878,0.826940185498852,52,"August","TS","Active",32,-77.2,30
"CRISTOBAL.2008",3.19225070169444,0.702705535855046,58,"July","TS","Inactive",31.7,-79.8,25
"DAISY.1958",6.38722634477201,0.936005238620628,8,"August","TS","Active",25.2,-73.6,35
"DAISY.1962",5.75830004815624,0.92949836083703,12,"September","TS","Active",14.5,-48.9,25
"DANIELLE.1980",7.64354873622738,0.330385819105065,30,"September","TS","Active",28.3,-90.6,25
"DANIELLE.1986",2.70050633656898,0.889457498501654,36,"September","TS","Active",10.5,-52,25
"DANIELLE.1992",5.27216243965534,0.436573713713935,42,"September","TS","Active",32.5,-74.6,30
"DANIELLE.1998",4.27116659146268,0.924301573769096,48,"August","TS","Active",13.4,-34.3,25
"DANIELLE.2004",3.23483014365107,0.984526009739675,54,"August","TS","Active",12.3,-21.8,30
"DANIELLE.2010",4.62844402794336,0.959858424020251,60,"August","DS","Active",10.7,-31.1,25
"DANNY.1985",3.98284912592254,0.943667218318715,35,"August","TS","Active",18.5,-80.7,25
"DANNY.1991",2.92727877432717,0.807281732642878,41,"September","TS","Active",10.4,-25.8,25
"DANNY.1997",4.22338265097048,0.93911097402466,47,"July","TS","Inactive",27.4,-92.6,25
"DANNY.2003",2.91535891520917,0.969101352456449,53,"July","TS","Inactive",30.8,-54.1,25
"DANNY.2009",2.10507269136136,0.900295051691905,59,"August","TS","Active",24.6,-70.1,40
"DAVID.1979",6.22596747045402,0.97191494791542,29,"August","TS","Active",11.7,-36.1,25
"DAWN.1972",3.08688925988445,0.944323329152713,22,"September","TS","Active",23.8,-79.4,30
"DEAN.1983",4.7174551314234,0.626325659975865,33,"September","SS","Active",28,-73,35
"DEAN.1989",2.74258996342862,0.975253915290219,39,"July","TS","Inactive",14.8,-41.8,25
"DEAN.1995",3.01952315504007,0.757090424335045,45,"July","TS","Inactive",26.2,-86.6,25
"DEAN.2001",4.49285193655809,0.876600513175054,51,"August","TS","Active",17.9,-64.3,45
"DEAN.2007",11.5186013450608,0.910243596345485,57,"August","TS","Active",12.2,-28.9,30
"DEBBIE.1957",2.00488076112042,0.212168814203087,7,"September","TS","Active",23.9,-89.8,35
"DEBBIE.1961",2.87729505765054,0.951110823148395,11,"September","TS","Active",15.1,-24.1,50
"DEBBIE.1965",3.42664803292322,0.700682931617479,15,"September","TS","Active",17.5,-84.7,25
"DEBBIE.1969",7.19441354395846,0.891799349959841,19,"August","TS","Active",13,-35.5,25
"DEBBY.1982",6.31092769188982,0.930826314283356,32,"September","TS","Active",19.8,-69.5,30
"DEBBY.1988",5.17289147779353,0.828148999918725,38,"August","TS","Active",20.1,-91,25
"DEBBY.1994",7.71371179081443,-1.28851344583652,44,"September","TS","Active",13.1,-56.8,25
"DEBBY.2000",3.52641728477504,0.93858017511127,50,"August","TS","Active",12,-44.5,30
"DEBBY.2006",2.12260350142675,0.934466245465177,56,"August","TS","Active",11.6,-21.7,30
"DEBBY.2012",3.34466618426834,0.830503153269877,62,"June","TS","Inactive",25.5,-87.6,35
"DEBRA.1959",7.18596335624474,0.826826847680429,9,"July","TS","Inactive",26.9,-92.1,25
"DEBRA.1963",4.38192855076155,0.912341901238356,13,"September","TS","Active",14.4,-38.3,25
"DEBRA.1978",8.11411818377399,0.077294053368736,28,"August","TS","Active",23.4,-88.4,25
"DELIA.1973",3.82672015065634,0.898300628092209,23,"September","TS","Active",20.5,-86.5,30
"DELTA.1972",2.29550715005287,0.8715443420657,22,"November","SS","Inactive",35,-47.5,25
"DELTA.2005",3.95487894660792,0.867167155139511,55,"November","ET","Inactive",27,-48,25
"DENNIS.1981",3.83733507945789,0.906307220195771,31,"August","TS","Active",10.5,-25.7,30
"DENNIS.1987",2.1424054067373,0.834733640630167,37,"September","TS","Active",10.8,-18.4,25
"DENNIS.1993",2.43530170403475,0.906302815112801,43,"August","TS","Active",13.6,-30.8,25
"DENNIS.1999",3.87016773918044,0.971605171189926,49,"August","TS","Active",21.5,-67.7,30
"DENNIS.2005",11.0683334890908,0.926359660288661,55,"July","TS","Inactive",12,-60.8,25
"DIANA.1984",6.01620342616036,0.908425797179143,34,"September","TS","Active",28.5,-77.4,35
"DIANA.1990",9.49406937639399,0.687768423212705,40,"August","TS","Active",13.2,-79.5,25
"DIANE.1955",4.56701875262868,0.975699595412911,5,"August","TS","Active",17,-43,25
"DOG.1950",3.42149718636693,0.978606395708779,0,"August","TS","Active",15.2,-55.6,80
"DOG.1951",4.62438567867795,0.96639771955562,1,"August","TS","Active",12.3,-25.6,25
"DOG.1952",4.52386993061766,0.881626868674602,2,"September","TS","Active",14,-51,50
"DOLLY.1953",4.4842617039164,0.959460013920933,3,"September","TS","Active",20.3,-65.9,40
"DOLLY.1954",3.89625982089322,0.936498444582873,4,"August","TS","Active",19.3,-67.7,30
"DOLLY.1968",9.15301115093351,0.716133488398218,18,"August","TS","Active",25,-79,25
"DOLLY.1974",5.03800313735363,0.212977500403565,24,"September","TS","Active",27.2,-67.9,30
"DOLLY.1996",9.63282726597019,0.486453898935905,46,"August","TS","Active",17.3,-80.2,25
"DOLLY.2002",3.51530208242863,0.747370616898002,52,"August","TS","Active",9.5,-31.2,30
"DOLLY.2008",5.39737414587969,0.91991519773859,58,"July","TS","Inactive",17.8,-83.6,40
"DON.2011",4.22305176496549,0.51507098621147,61,"July","TS","Inactive",21.6,-85.7,30
"DONNA.1960",4.31758882280779,0.98450695731965,10,"August","TS","Active",10.2,-21.5,25
"DORA.1956",5.62743192649958,0.619984118951358,6,"September","TS","Active",20.5,-91.1,35
"DORA.1964",4.44981838869219,0.977957424886622,14,"August","TS","Active",14,-18,25
"DORIA.1967",5.32902222146399,0.927828350453514,17,"September","TS","Active",28.5,-77.5,25
"DORIA.1971",3.35181904543371,0.863614568697171,21,"August","TS","Active",11.5,-47,25
"DORIAN.2013",2.08613398969484,0.932717037925774,63,"July","DS","Inactive",11.3,-20,25
"DORIS.1975",6.69786915153568,0.872299891043627,25,"August","SS","Active",33.3,-46.3,35
"DOROTHY.1966",4.36321854141806,0.879694850919713,16,"July","TS","Inactive",31,-41,25
"DOROTHY.1970",4.72470918263267,0.818744407380201,20,"August","TS","Active",11,-41,25
"DOROTHY.1977",4.1889964101167,0.895945271363122,27,"September","TS","Active",28.5,-71.5,20
"DOTTIE.1976",4.07725642511983,0.748030549543088,26,"August","TS","Active",26,-84,20
"EARL.1980",2.99813279063999,0.921261385508841,30,"September","TS","Active",17.7,-24,25
"EARL.1986",3.0279087134605,0.947931517942784,36,"September","TS","Active",21.8,-50.8,30
"EARL.1992",2.76907772497793,0.907606281572886,42,"September","TS","Active",26.2,-69.1,25
"EARL.1998",6.25754626611991,0.69932267880944,48,"August","TS","Active",21.6,-93.5,30
"EARL.2004",5.47148966608832,0.110955903551846,54,"August","TS","Active",9,-45.6,30
"EARL.2010",4.3230808029367,0.980934201105154,60,"August","DS","Active",12.4,-19.3,25
"EASY.1950",6.07255113828752,0.956369154270719,0,"September","TS","Active",19.7,-83.2,40
"EASY.1951",3.85865758058516,0.978563206804392,1,"September","TS","Active",14,-37,40
"EASY.1952",7.30548420548701,0.837618154984746,2,"October","TS","Active",15.2,-51,30
"EDITH.1955",4.00325077998317,0.964194625645158,5,"August","TS","Active",12.4,-41,25
"EDITH.1959",6.47320774369838,-0.0774907612505444,9,"August","TS","Active",13.7,-56.3,30
"EDITH.1963",10.027987719481,0.734218155643425,13,"September","TS","Active",11,-52,25
"EDITH.1967",3.60431141929462,0.615592381031148,17,"September","TS","Active",12.5,-47,30
"EDITH.1971",9.22621958876053,0.87395193802586,21,"September","TS","Active",11.4,-58,25
"EDNA.1953",3.77695336191725,0.985137755565409,3,"September","TS","Active",16,-61.7,25
"EDNA.1954",3.89480311853544,0.983579904717245,4,"September","TS","Active",11.2,-56.4,25
"EDNA.1968",4.37042436556596,0.869242065261323,18,"September","TS","Active",12.7,-21.1,25
"EDOUARD.1984",13.9592201729105,-0.432792851733767,34,"September","TS","Active",20.3,-96.1,30
"EDOUARD.1990",2.70344121514133,0.714296719597328,40,"August","SS","Active",38,-23,30
"EDOUARD.1996",4.48748203278658,0.984346112513367,46,"August","TS","Active",12.4,-19.9,25
"EDOUARD.2002",6.32471506429647,0.553080872798947,52,"September","TS","Active",29.2,-78.8,30
"EDOUARD.2008",6.89476231894871,0.657728218469476,58,"August","TS","Active",28.1,-87.4,25
"EIGHT.2009",2.77249270135964,-0.92167894477312,59,"September","DS","Active",14.8,-29,20
"EIGHT.2013",3.95023353971787,-Inf,63,"September","TS","Active",22.4,-97.4,30
"EIGHTEEN:UNNAMED.1988",2.2843787760953,0.147663555863138,38,"October","TS","Active",12.9,-72.7,25
"ELAINE.1974",2.56042784763818,0.940114150986449,24,"September","TS","Active",14.7,-50.5,25
"ELENA.1965",3.21062386716064,0.956688631863943,15,"October","TS","Active",15.6,-45.5,30
"ELENA.1979",2.26103943302791,0.505129426045946,29,"August","TS","Active",25.5,-89.1,25
"ELENA.1985",7.89724874248768,0.936612214646357,35,"August","TS","Active",19.8,-74,30
"ELEVEN:HERMINE.2010",3.43667088268049,0.928205084636024,60,"September","DS","Active",19,-95.6,20
"ELLA.1958",7.85642649193573,0.844396250885185,8,"August","TS","Active",13.7,-56.6,30
"ELLA.1962",4.47503302013972,0.92456838014262,12,"October","TS","Active",22.1,-71.4,25
"ELLA.1966",2.43815970719677,0.895287378945212,16,"July","TS","Inactive",10,-35,25
"ELLA.1970",12.3710678359791,0.801278286799412,20,"September","TS","Active",15.3,-83.5,25
"ELLA.1978",6.68978046396637,0.926470224342689,28,"August","TS","Active",26.2,-59.7,20
"ELLEN.1973",4.33702211240164,0.953037894661695,23,"September","TS","Active",10.5,-22.4,30
"ELOISE.1975",8.52287564803237,0.846110996645455,25,"September","TS","Active",17.5,-54.1,25
"EMILY.1981",3.25924074386381,0.95215554557699,31,"August","SS","Active",29.8,-72.7,30
"EMILY.1987",9.36437643704135,0.803009104817081,37,"September","TS","Active",9.8,-51.3,25
"EMILY.1993",3.32529068170291,0.98139188318742,43,"August","TS","Active",19.9,-52.6,30
"EMILY.1999",3.26720251982526,0.276105761530743,49,"August","TS","Active",11.5,-53.6,30
"EMILY.2005",12.2952529056166,0.878235638147591,55,"July","TS","Inactive",10.7,-42.4,25
"EMILY.2011",3.60814126724954,0.814675212713421,61,"August","TS","Active",14.9,-61.4,40
"EMMY.1976",3.52816547761154,0.971895058941234,26,"August","TS","Active",14,-48,20
"EPSILON.2005",3.49032376572151,0.941026502109572,55,"November","TS","Inactive",31.5,-49.2,45
"ERIKA.1991",2.79726679428201,0.89426079029199,41,"September","TS","Active",24.2,-49.1,25
"ERIKA.1997",3.68284891772379,0.973018850116746,47,"September","TS","Active",10.9,-44.1,30
"ERIKA.2003",10.6258930293629,0.27556746155653,53,"August","TS","Active",26.4,-83.3,35
"ERIKA.2009",4.72665516438079,0.45980812164765,59,"September","TS","Active",16.7,-57.3,45
"ERIN.1989",2.96654411561025,0.981246463620804,39,"August","TS","Active",14.3,-22.4,25
"ERIN.1995",8.38155584856868,0.872605399603446,45,"July","TS","Inactive",22.3,-73.2,45
"ERIN.2001",4.53015028329062,0.960689506373783,51,"September","TS","Active",12.5,-34.3,30
"ERIN.2007",7.65229329610124,0.0922172233772178,57,"August","TS","Active",23.7,-90.7,25
"ERIN.2013",2.80262704175828,0.782484723025375,63,"August","TS","Active",13.9,-23.3,30
"ERNESTO.1982",4.35399075167335,0.772513174412115,32,"September","TS","Active",24.8,-65.4,30
"ERNESTO.1988",2.45150924745509,0.913386770021314,38,"September","TS","Active",32.5,-60.5,25
"ERNESTO.1994",3.55017136461829,0.863136734683018,44,"September","TS","Active",10.1,-29.9,25
"ERNESTO.2000",2.72655950363979,-0.585947035069537,50,"September","TS","Active",14.8,-45.2,25
"ERNESTO.2006",5.53888182875327,0.740649961148739,56,"August","TS","Active",12.7,-61.6,30
"ERNESTO.2012",5.07225679665133,0.830364613734955,62,"August","TS","Active",11.6,-46.7,30
"ESTHER.1957",4.39822561887522,0.70239402162261,7,"September","TS","Active",23,-92.8,30
"ESTHER.1961",6.5814018900325,0.962291450956374,11,"September","TS","Active",11.7,-32.1,25
"ETHEL.1956",7.26200953357052,0.549979456292957,6,"September","TS","Active",22.9,-75,25
"ETHEL.1960",19.8666716357584,0.730001955196396,10,"September","TS","Active",23.9,-90.6,40
"ETHEL.1964",4.18237132217006,0.955708005734512,14,"September","TS","Active",17.7,-35.4,25
"EVE.1969",5.54832962507322,0.528215147456474,19,"August","TS","Active",29.5,-78.5,30
"EVELYN.1977",8.79817363475281,0.593092156413584,27,"October","TS","Active",26.9,-62.9,30
"FABIAN.1985",2.79573171593524,0.904252581113294,35,"September","TS","Active",23.6,-70.8,25
"FABIAN.1991",1.35128848416235,0.403513014639605,41,"October","TS","Active",18.9,-85.7,25
"FABIAN.1997",1.87974232144767,0.630222316797985,47,"October","TS","Active",24.2,-64.5,25
"FABIAN.2003",4.6426734770397,0.972553099650213,53,"August","TS","Active",14.6,-30.7,25
"FAITH.1966",5.22857243002812,0.933093367252203,16,"August","TS","Active",12.9,-20.5,25
"FAY.2002",4.98764754945905,0.907414270936962,52,"September","TS","Active",28,-93.8,30
"FAY.2008",3.52091393355117,0.928708753076803,58,"August","TS","Active",18.4,-67.4,30
"FAYE.1975",3.19927945037371,0.978596118916542,25,"September","TS","Active",17.5,-33.5,25
"FELICE.1970",5.78484064963687,0.723895375646665,20,"September","TS","Active",25.5,-77.5,25
"FELIX.1989",3.5159966807155,0.931922646554086,39,"August","TS","Active",16.8,-21,25
"FELIX.1995",2.97619819946608,0.978281964421812,45,"August","TS","Active",14.3,-30.8,30
"FELIX.2001",3.43349092449225,0.982781091441398,51,"September","TS","Active",13.9,-28.4,30
"FELIX.2007",15.348289614039,0.89546354654236,57,"August","TS","Active",11.5,-56.6,25
"FERN.1967",11.0286038157663,0.436120982485009,17,"October","TS","Active",20.3,-93,25
"FERN.1971",3.93483008782266,0.951963572973083,21,"September","TS","Active",27.5,-87.5,25
"FERNAND.2013",5.19354556921427,0.746137265134069,63,"August","TS","Active",18.7,-94.2,30
"FIFI.1958",5.02793406228559,0.859843834124936,8,"September","TS","Active",10.1,-44.8,25
"FIFI.1974",7.18020863498604,0.923273601006439,24,"September","TS","Active",15.3,-65,30
"FIFTEEN:UNNAMED.1988",2.14651276079912,-Inf,38,"September","TS","Active",11.5,-20.6,25
"FIFTEEN.2007",2.39640965528889,0.881757253264915,57,"October","TS","Active",29.5,-52.6,30
"FIONA.2010",3.19750881418838,0.842906466459137,60,"August","DS","Active",14,-41.8,25
"FIVE:UNNAMED.1988",3.3558114810601,0.766039782947518,38,"August","TS","Active",13,-21,25
"FIVE.2010",2.4279550747891,0.741511850880646,60,"August","DS","Active",25.7,-83,25
"FLORA.1955",2.77066822415708,0.961732911854081,5,"September","TS","Active",19,-31.1,35
"FLORA.1959",2.9043107303913,0.941158598733556,9,"September","TS","Active",16.8,-45.8,25
"FLORA.1963",4.57781809198618,0.97499445454092,13,"September","TS","Active",8,-33,25
"FLORENCE.1953",4.9791629423034,0.967408346257816,3,"September","TS","Active",16.9,-75.8,35
"FLORENCE.1954",12.2362476002538,0.526184318561024,4,"September","TS","Active",20.9,-94.7,45
"FLORENCE.1960",2.76072492737916,0.825151480669733,10,"September","TS","Active",20.9,-64,25
"FLORENCE.1964",2.22515336944862,0.887328513970291,14,"September","TS","Active",16.3,-19.7,20
"FLORENCE.1988",7.14559783234857,0.829301345012,38,"September","TS","Active",22.8,-92,25
"FLORENCE.1994",4.75069178146914,0.948738536937077,44,"November","SS","Inactive",22.7,-47,30
"FLORENCE.2000",5.21553688406631,0.70225029403871,50,"September","SS","Active",30.9,-70.9,30
"FLORENCE.2006",3.23697265055937,0.945051500803832,56,"September","TS","Active",14.1,-39.4,30
"FLORENCE.2012",3.28539097217811,0.861332399421172,62,"August","DS","Active",12.2,-23.1,25
"FLOSSIE.1978",3.70725600599929,0.961825686190938,28,"September","TS","Active",12,-39,25
"FLOSSY.1956",3.77053642652277,0.935144959586893,6,"September","TS","Active",17.4,-87.5,25
"FLOYD.1981",4.56878912110569,0.968046926972085,31,"September","TS","Active",16.2,-60.3,20
"FLOYD.1987",2.93151268365378,0.943204887647669,37,"October","TS","Active",15,-82.6,25
"FLOYD.1993",3.89346702172729,0.880622202086936,43,"September","TS","Active",24.7,-67.5,25
"FLOYD.1999",5.75369595047086,0.966744105505401,49,"September","TS","Active",14.6,-45.6,25
"FOUR:UNNAMED.1988",1.02908377883866,-Inf,38,"August","TS","Active",25,-74.5,30
"FOX.1950",3.3115462954939,0.983106148201372,0,"September","TS","Active",15.5,-41,40
"FOX.1951",3.66092010134222,0.973134904798676,1,"September","TS","Active",13,-20,25
"FOX.1952",8.20561755263428,0.926984647706256,2,"October","TS","Active",11.8,-77.6,25
"FRAN.1973",3.33373222568404,0.827089476156983,23,"October","SS","Active",30,-65.8,30
"FRAN.1984",3.34257578370187,0.892011099170168,34,"September","TS","Active",13.7,-21.3,25
"FRAN.1990",5.25403720138196,0.452427256305873,40,"August","TS","Active",9,-32.1,25
"FRAN.1996",4.97421025413665,0.966122076155275,46,"August","TS","Active",14,-21,25
"FRANCELIA.1969",6.27794825135689,0.906922741718508,19,"August","TS","Active",11.5,-62,30
"FRANCES.1961",5.30985166185717,0.958465983511399,11,"September","TS","Active",16,-57,30
"FRANCES.1968",3.82930925171765,0.774913955424225,18,"September","TS","Active",26,-74,25
"FRANCES.1976",5.29222498447078,0.918137628621106,26,"August","TS","Active",12.5,-37.5,25
"FRANCES.1980",2.93623240276451,0.967909212171817,30,"September","TS","Active",12.5,-19,25
"FRANCES.1986",4.27253975806235,0.895317245777676,36,"November","TS","Inactive",22.8,-62.8,30
"FRANCES.1992",3.26389336074671,0.945119921035562,42,"October","ET","Active",26.3,-60.8,30
"FRANCES.1998",4.56616117559629,0.764050537140133,48,"September","TS","Active",25.5,-94.5,30
"FRANCES.2004",4.76961172144777,0.982867973209893,54,"August","TS","Active",11.1,-35.2,25
"FRANKLIN.2005",3.63531331872792,0.687885343212474,55,"July","TS","Inactive",25,-75,30
"FRANKLIN.2011",2.97691647532933,0.677917557530378,61,"August","DS","Active",34.7,-66,25
"FRED.2009",3.93826277378874,0.975781586689665,59,"September","TS","Active",11.8,-24,30
"FREDERIC.1979",4.38851412731057,0.964405974307263,29,"August","TS","Active",11,-25.5,25
"FRIEDA.1957",4.38428308073491,0.870671039240965,7,"September","TS","Active",31.7,-65.8,25
"FRIEDA.1977",5.62302204974369,0.662737312299694,27,"October","TS","Active",17.3,-83.2,25
"GABRIELLE.1989",3.79194832477294,0.985710173597356,39,"August","TS","Active",11.6,-21,25
"GABRIELLE.1995",10.74708725125,-0.0302428711780893,45,"August","TS","Active",23.7,-94.8,30
"GABRIELLE.2001",4.7608245972195,0.855484591339381,51,"September","TS","Active",25.8,-84.1,25
"GABRIELLE.2007",3.79064521255017,0.695715482007375,57,"September","SS","Active",30.1,-71.8,40
"GABRIELLE.2013",3.92396735539793,0.805256751684899,63,"September","TS","Active",16.2,-65.9,30
"GAIL.1953",4.45143017542938,0.898058630973022,3,"October","TS","Active",13.1,-35.5,30
"GAMMA.2005",2.96183064596994,0.704717492638673,55,"November","TS","Inactive",13.2,-62.1,30
"GASTON.2004",5.33771030667028,0.690313572631151,54,"August","TS","Active",31.8,-78.1,25
"GASTON.2010",2.40196894762029,0.410651129242949,60,"September","DS","Active",12.2,-32.2,25
"GEORGE.1950",2.97440055896397,0.978414404488942,0,"September","TS","Active",24.6,-51,35
"GEORGE.1951",3.15723908861296,0.706818862862776,1,"September","TS","Active",19.8,-93,35
"GEORGES.1980",3.83162315908632,0.939032403137977,30,"September","TS","Active",15.6,-38,30
"GEORGES.1998",6.04115278224335,0.958173934721316,48,"September","TS","Active",9.7,-25.1,30
"GERDA.1958",8.10192513510444,0.341013926702812,8,"September","TS","Active",15.1,-62,25
"GERDA.1961",5.56718822566323,0.763791845724744,11,"October","TS","Active",17.5,-77,30
"GERDA.1969",8.04427167112053,0.930362023303925,19,"September","TS","Active",24.5,-77,25
"GERT:UNNAMED.1993",6.41955819011378,0.850459829553453,43,"September","TS","Active",10.6,-80.7,25
"GERT.1981",4.25037203532305,0.960842064821475,31,"September","TS","Active",14.8,-54,25
"GERT.1999",10.0971926050717,0.866839214571544,49,"September","TS","Active",12.6,-24.2,30
"GERT.2005",5.6853370757438,0.208085087211737,55,"July","TS","Inactive",19.3,-92.9,25
"GERT.2011",3.59041344541896,0.790111613694982,61,"August","DS","Active",26.2,-58,30
"GERTRUDE.1974",5.97934062250539,0.826914628776418,24,"September","TS","Active",10.7,-45.1,30
"GILBERT.1988",7.69604255943595,0.966393622178764,38,"September","TS","Active",12,-54,25
"GILDA.1954",7.40889255050195,0.12606653318278,4,"September","TS","Active",14.1,-76.8,35
"GILDA.1973",4.19989004209274,0.840806107451894,23,"October","TS","Active",16.3,-82,30
"GINGER.1967",4.06721829958663,0.511366950503611,17,"October","TS","Active",17,-18.3,30
"GINGER.1971",3.52178044755835,0.973121941719688,21,"September","TS","Active",25.5,-71.5,25
"GINNY.1963",3.46884684314875,0.975218637053262,13,"October","TS","Active",21,-72,20
"GLADYS.1955",11.045024967893,0.468875857234807,5,"September","TS","Active",20.6,-94.1,30
"GLADYS.1964",6.79541665619496,0.883735030709208,14,"September","TS","Active",14.7,-44.3,30
"GLADYS.1968",4.33148234213478,0.927227193094883,18,"October","TS","Active",14,-80.5,25
"GLADYS.1975",4.77624829588595,0.958184915253045,25,"September","TS","Active",10.3,-34.8,25
"GLORIA.1976",3.31014837466188,0.972807058834049,26,"September","TS","Active",23,-58,20
"GLORIA.1979",3.12556013044902,0.968617822004737,29,"September","TS","Active",15.5,-21,25
"GLORIA.1985",5.27756869625954,0.953457870787654,35,"September","TS","Active",13.3,-23.6,25
"GORDON.1994",3.70660026886555,0.911267817434218,44,"November","TS","Inactive",11.9,-82.3,25
"GORDON.2000",4.45565610375734,0.926301257501888,50,"September","TS","Active",19.8,-87.3,25
"GORDON.2006",4.59093654766849,0.953952757031798,56,"September","TS","Active",20.2,-53.8,25
"GORDON.2012",5.58369701463638,0.909972769247729,62,"August","TS","Active",27.6,-54.6,30
"GRACE.1991",4.57977517141995,0.903492297757264,41,"October","SS","Active",27.1,-64.9,25
"GRACE.1997",2.83011637421937,0.0308433983134266,47,"October","TS","Active",20,-68.7,30
"GRACE.2003",2.57917270827697,0.88913113568132,53,"August","TS","Active",24.3,-92.4,30
"GRACE.2009",2.86029016023351,0.786082321112218,59,"September","ET","Active",46,-43.2,55
"GRACIE.1959",7.7742056557551,0.910113587991251,9,"September","TS","Active",19.7,-68.6,25
"GRETA.1956",4.30955523037555,0.982333137442619,6,"October","TS","Active",17.8,-75.5,25
"GRETA.1966",4.58471118976088,0.517638399383796,16,"September","TS","Active",13.7,-48.4,25
"GRETA.1970",3.2731788136487,0.626648998216856,20,"September","TS","Active",22.4,-75.4,35
"GRETA.1978",9.47756369442604,0.889139175009265,28,"September","TS","Active",11,-62.5,25
"GUSTAV.1984",5.04889413835333,0.490173359594027,34,"September","TS","Active",28.6,-65.5,30
"GUSTAV.1990",3.01932601469861,0.974694885854918,40,"August","TS","Active",12.6,-45.9,25
"GUSTAV.1996",2.00606581416228,0.640035001595438,46,"August","TS","Active",12.7,-23,30
"GUSTAV.2002",5.54987753294998,0.872173221153955,52,"September","SS","Active",29,-71,30
"GUSTAV.2008",7.27104622538397,0.94648708924641,58,"August","TS","Active",13.5,-67.4,25
"HALLIE.1966",10.0847654154837,0.252187547901942,16,"September","TS","Active",21.5,-95.4,30
"HALLIE.1975",3.07458337161159,0.760133734115484,25,"October","SS","Active",29.1,-79.3,30
"HANNA.2002",5.59209021271643,0.740937307447557,52,"September","TS","Active",26.3,-86.6,30
"HANNA.2008",4.24962678114604,0.775505593907041,58,"August","TS","Active",19.4,-57.3,30
"HANNAH.1959",3.48233705285139,0.9668060715663,9,"September","TS","Active",26.8,-49.9,30
"HARVEY.1981",6.6451920558107,0.941227121601799,31,"September","TS","Active",14,-49,25
"HARVEY.1993",5.63444799489568,0.80500571019953,43,"September","TS","Active",26.7,-61.8,30
"HARVEY.1999",5.32017667539706,0.356720912330934,49,"September","TS","Active",25,-87.8,30
"HARVEY.2005",2.80758904670886,0.91352526471134,55,"August","TS","Active",28.2,-68.8,30
"HARVEY.2011",7.13912921747874,0.500669504274081,61,"August","TS","Active",15.4,-82,30
"HATTIE.1961",15.5819531771632,0.703173988113729,11,"October","TS","Active",11.6,-81.5,45
"HAZEL.1953",3.63775212840522,0.840767828607284,3,"October","TS","Active",20.5,-86.4,35
"HAZEL.1954",5.79309351296693,0.954574732269738,4,"October","TS","Active",12.4,-59.2,60
"HEIDI.1967",3.32940670323932,0.951661166658816,17,"October","TS","Active",20.5,-54,25
"HEIDI.1971",4.80881759276394,0.693937441523112,21,"September","TS","Active",27.1,-72,30
"HELENA.1963",5.10555878868148,0.542155538975042,13,"October","TS","Active",15.2,-58.9,25
"HELENE.1958",4.42769631871414,0.972729013428895,8,"September","TS","Active",18.5,-51.5,25
"HELENE.1988",3.73171928724387,0.970353625788533,38,"September","TS","Active",13.4,-31.6,30
"HELENE.2000",4.21118375362055,0.852139084049962,50,"September","TS","Active",14.9,-52.2,25
"HELENE.2006",3.54525631186472,0.970639262643216,56,"September","TS","Active",11.9,-22,25
"HELENE.2012",2.38835551131288,0.36814549617517,62,"August","TS","Active",13.7,-43,30
"HENRI.1979",3.40980455653203,0.950537463708145,29,"September","TS","Active",20.3,-86.8,25
"HENRI.1985",5.25662631039541,0.467688922532662,35,"September","TS","Active",29.6,-74.3,25
"HENRI.2003",5.91755857113151,-0.0850916136343929,53,"September","TS","Active",27.4,-87.7,25
"HENRI.2009",2.60079944990849,0.915376068641641,59,"October","TS","Active",15.1,-49.2,30
"HERMINE.1980",3.06623957559305,0.912063523128198,30,"September","TS","Active",14.6,-77.2,25
"HERMINE.1998",2.99494806481862,0.66009505179517,48,"September","TS","Active",26.9,-90.3,30
"HERMINE.2004",5.29320228338562,0.492699665504259,54,"August","TS","Active",29,-65.2,25
"HILDA.1955",5.36751697959859,0.943069837554163,5,"September","TS","Active",16.8,-61.3,30
"HILDA.1964",8.00983202769301,0.947739516617371,14,"September","TS","Active",21.2,-80,15
"HOLLY.1969",6.20518562837603,0.879311908592639,19,"September","TS","Active",11.9,-47.4,25
"HOLLY.1976",5.77982648807757,0.751313950529305,26,"October","TS","Active",19.1,-55.8,25
"HOPE.1978",2.49457514483609,0.94703663565572,28,"September","SS","Active",29.8,-80,25
"HORTENSE.1984",3.29894477056332,0.856614006849599,34,"September","SS","Active",31.3,-58.3,30
"HORTENSE.1990",3.60950769621617,0.887658048113635,40,"August","TS","Active",12.5,-35,25
"HORTENSE.1996",5.4038839142396,0.963186474007139,46,"September","TS","Active",14.9,-41,25
"HOW.1950",2.66609243739501,0.641414847307406,0,"October","TS","Active",25.6,-88.4,30
"HOW.1951",3.11789782045352,0.983964887721585,1,"September","TS","Active",18.7,-84.8,25
"HUGO.1989",6.37573891295244,0.966513361846239,39,"September","TS","Active",13.2,-20,25
"HUMBERTO.1995",3.52870198203307,0.919029102145172,45,"August","TS","Active",13.2,-33,30
"HUMBERTO.2001",6.39192330958826,0.835084444631403,51,"September","TS","Active",25.1,-64.2,25
"HUMBERTO.2007",13.0618501277169,0.604019458184153,57,"September","DS","Active",27.3,-95,25
"HUMBERTO.2013",3.23839618938566,0.959156631811362,63,"September","DS","Active",13,-17.6,25
"IDA.2009",7.93687359940487,0.847635704424333,59,"November","TS","Inactive",11,-81.3,30
"IGOR.2010",5.61785006343255,0.968252902002379,60,"September","TS","Active",14,-22.7,30
"IKE.2008",7.87096439261385,0.908009458278021,58,"September","TS","Active",17.2,-37,30
"ILSA.1958",6.359676855787,0.909340406539799,8,"September","TS","Active",17.3,-50.8,30
"INEZ.1966",8.34272043666203,0.932858330821333,16,"September","TS","Active",9.9,-35.1,25
"INGA.1961",3.02397251080565,0.632046369739931,11,"November","TS","Inactive",20.8,-94.7,40
"INGA.1969",4.33094822652706,0.96575753358616,19,"September","TS","Active",16,-47,25
"INGRID.2007",2.68780892956415,0.782135785293057,57,"September","TS","Active",13,-43.6,25
"INGRID.2013",5.89145341944158,0.884781336597376,63,"September","DS","Active",19.3,-92.2,25
"INVEST:TOMAS.2010",4.81910467371381,0.910155653623618,60,"October","NR","Active",5,-37,25
"INVEST.2007",3.67352780505254,0.294787529487726,57,"October","ET","Active",38.5,-35.3,40
"INVEST.2010",3.12721063886074,-0.597309575367953,60,"November","NR","Inactive",13.5,-69.3,20
"INVEST.2011",2.25862079096418,0.183781139619892,61,"October","DS","Active",24,-77,35
"IONE.1955",5.69290873190941,0.935456047081107,5,"September","TS","Active",15.4,-43.2,25
"IRENE:OLIVIA.1971",4.36986184479881,0.903412869582339,21,"September","TS","Active",11,-48.5,25
"IRENE.1959",8.16994129379454,0.0345387142378595,9,"October","TS","Active",23.1,-92.3,25
"IRENE.1981",3.73392652660052,0.976410426259187,31,"September","TS","Active",13.5,-32.5,25
"IRENE.1999",4.84496355005674,0.914043163511067,49,"October","DS","Active",15.9,-82,20
"IRENE.2005",4.08601749336225,0.952880186221566,55,"August","TS","Active",12.9,-33.5,25
"IRENE.2011",6.54065546460566,0.880188127490448,61,"August","TS","Active",15,-59,45
"IRIS.1989",3.67342815215402,0.88749743985121,39,"September","TS","Active",11.3,-44,25
"IRIS.1995",4.55277234920188,0.897061581035216,45,"August","TS","Active",13.2,-49.3,30
"IRIS.2001",17.0230584841419,0.648598549627879,51,"October","TS","Active",12.3,-58.2,25
"IRMA.1978",3.11595003569319,0.736204372454559,28,"October","SS","Active",31.7,-31.5,30
"ISAAC.1988",3.26207843198463,0.439939173872668,38,"September","TS","Active",9,-45.5,25
"ISAAC.2000",4.89000215158291,0.952932601680014,50,"September","TS","Active",11.5,-23,30
"ISAAC.2006",3.84039473577337,0.914021827694634,56,"September","TS","Active",26.1,-52.6,30
"ISAAC.2012",3.06553958053205,0.948646963242779,62,"August","DS","Active",15.7,-44.8,25
"ISABEL.1985",2.46868187186199,0.967233814313123,35,"October","TS","Active",17.8,-69.2,30
"ISABEL.2003",5.11940145885441,0.974708493556478,53,"September","TS","Active",13.8,-31.4,30
"ISBELL.1964",6.53760295805961,0.954093959064855,14,"October","TS","Active",13,-80,25
"ISIDORE.1984",4.16377681081507,0.656505889598546,34,"September","TS","Active",23.4,-73,30
"ISIDORE.1990",3.78854656764341,0.930022015043957,40,"September","TS","Active",7.2,-23.4,25
"ISIDORE.1996",4.12603542562302,0.972960539181076,46,"September","TS","Active",8.6,-23.3,25
"ISIDORE.2002",6.88024162140692,0.941790174865727,52,"September","TS","Active",10,-60.5,25
"ITEM.1950",7.99023652827975,0.845642121853252,0,"October","TS","Active",23.3,-90.4,35
"ITEM.1951",3.90956486266678,0.92825384182873,1,"October","TS","Active",14.3,-78.2,30
"IVAN.1980",2.66225441842786,0.990465645842108,30,"October","ET","Active",33.6,-20,25
"IVAN.1998",4.6691437551276,0.925592428882816,48,"September","TS","Active",13.4,-26.6,25
"IVAN.2004",7.75623164844566,0.971603307790431,54,"September","TS","Active",9.7,-27.6,25
"JANET.1955",12.8393389739696,0.72898527635995,5,"September","TS","Active",13.2,-54.3,35
"JANICE.1958",4.16859140133753,0.908771126715519,8,"October","TS","Active",19.2,-81.3,30
"JANICE.1971",6.0378488425112,0.572152808957824,21,"September","TS","Active",11.5,-38.8,25
"JEANNE.1980",5.36881807235229,0.904532962405766,30,"November","NR","Inactive",13.6,-82.6,20
"JEANNE.1998",3.05235223559405,0.978688119722487,48,"September","TS","Active",9.6,-17.4,30
"JEANNE.2004",5.84429055386924,0.93202892170685,54,"September","TS","Active",15.9,-60,25
"JENNY.1961",3.11951109773469,0.949365335992768,11,"November","TS","Inactive",17,-62,30
"JENNY.1969",3.07490160895014,0.415906106271866,19,"October","TS","Active",19,-83.7,25
"JERRY.1989",10.6820757631978,0.512331784501863,39,"October","TS","Active",19.4,-92.4,25
"JERRY.1995",2.32270383368042,0.857087335125994,45,"August","TS","Active",23.7,-78.7,20
"JERRY.2001",3.9012271746429,0.672587327071254,51,"October","TS","Active",10.6,-50.6,25
"JERRY.2007",1.8640421228149,-0.000700074260942429,57,"September","SS","Active",36.2,-46.1,30
"JERRY.2013",2.28974256430005,0.636213206400905,63,"September","DS","Active",21.1,-50,30
"JIG.1950",3.64281957139864,0.939127823716674,0,"October","TS","Active",22.4,-47,40
"JIG.1951",3.06707709984835,0.944723914537526,1,"October","TS","Active",28.1,-75.6,35
"JOAN:MIRIAM.1988",8.11518273103729,0.902284477391343,38,"October","TS","Active",8.9,-42.2,25
"JOSE.1981",2.64871969494415,0.75298833171186,31,"October","TS","Active",25,-47.5,25
"JOSE.1999",3.26800987792476,0.923472136098787,49,"October","TS","Active",9.8,-50.8,25
"JOSE.2005",8.93300634185017,-0.19697903455303,55,"August","TS","Active",19.4,-94.5,30
"JOSE.2011",2.61193311744629,0.565533922204456,61,"August","DS","Active",27.3,-59,30
"JOSEPHINE.1984",3.2834204679018,0.96687446746955,34,"October","SS","Active",24.1,-68.9,25
"JOSEPHINE.1990",3.1156376116962,0.944050733559562,40,"September","TS","Active",14,-32,30
"JOSEPHINE.1996",3.45378984318058,0.822899585523467,46,"October","TS","Active",22.7,-96.2,25
"JOSEPHINE.2002",5.73499151030785,0.0232628766413004,52,"September","TS","Active",32.7,-52.4,30
"JOSEPHINE.2008",3.34148926927383,0.906369161730001,58,"September","TS","Active",12.3,-21.9,30
"JOYCE.2000",3.66701720514569,0.955483926231165,50,"September","TS","Active",11.2,-29.6,25
"JOYCE.2012",2.75059103653487,-0.0435518690022019,62,"August","DS","Active",10.7,-31.7,25
"JUAN.1985",3.6403782099865,0.928900071635402,35,"October","TS","Active",24.5,-90.5,30
"JUAN.2003",5.61781786838585,0.905803093720957,53,"September","TS","Active",28.2,-62.4,25
"JUDITH.1959",6.60469936029912,0.650750719880422,9,"October","TS","Active",21.2,-85.1,40
"JUDITH.1966",5.25769925212227,0.423242612227823,16,"September","TS","Active",10.8,-43.2,25
"JULIA.2010",4.4323473423295,0.969775841595299,60,"September","TS","Active",12.9,-20.5,30
"JULIET.1978",2.13862904331515,0.806172562109715,28,"October","TS","Active",18,-55.6,25
"KARA.1969",3.5610980461123,0.956881238539097,19,"October","TS","Active",20.5,-68,25
"KAREN.1989",2.76604518255128,0.785016726808307,39,"November","TS","Inactive",17.1,-84,25
"KAREN.1995",2.05912019070795,0.860437581910922,45,"August","TS","Active",15.4,-32.7,30
"KAREN.2001",4.84335513261608,0.68758582009933,51,"October","ET","Active",27.5,-63,30
"KAREN.2007",4.81343647351275,0.828749607983814,57,"September","TS","Active",10,-35.9,30
"KAREN.2013",2.62479835888999,0.897713185594525,63,"October","TS","Active",21.5,-86.8,45
"KARL.1980",2.98515091499961,0.733766359450844,30,"November","SS","Inactive",36,-46,50
"KARL.1998",3.92487792779533,0.959882047939854,48,"September","TS","Active",33.3,-65.4,25
"KARL.2004",5.52789932165649,0.958192142993441,54,"September","TS","Active",11.2,-29.2,30
"KARL.2010",9.1870007141439,0.862542215648545,60,"September","DS","Active",16.3,-78.5,25
"KATE.1985",4.97774361055438,0.946285603145114,35,"November","TS","Inactive",21.1,-63.8,35
"KATE.2003",4.45934763978671,0.95433961641993,53,"September","TS","Active",11.8,-37.7,30
"KATIA.2011",3.47267131145707,0.973294248805132,61,"August","DS","Active",9.5,-19,20
"KATIE.1955",10.8681546243701,0.702260633562762,5,"October","TS","Active",11.7,-77.9,30
"KATRINA.1981",4.09700342445592,0.917505019227286,31,"November","TS","Inactive",16.9,-81.2,25
"KATRINA.1999",2.55619666373709,0.715401841954372,49,"October","TS","Active",11.4,-80.9,30
"KATRINA.2005",7.83461875141501,0.956742253258307,55,"August","TS","Active",23.1,-75.1,30
"KEITH.1988",5.25093625145824,0.824174356542551,38,"November","TS","Inactive",14.9,-74.3,30
"KEITH.2000",9.87710130249127,0.878408229987942,50,"September","TS","Active",16.1,-82.9,25
"KENDRA.1978",6.9213797664843,0.706874071175743,28,"October","TS","Active",23.5,-72.7,30
"KING.1950",9.48199758931629,0.862866126438142,0,"October","TS","Active",16,-84.2,25
"KIRK.2012",4.45039199570266,0.914721253324373,62,"August","TS","Active",23.9,-43.4,30
"KLAUS.1984",2.89731061194331,0.968177408916851,34,"November","TS","Inactive",14.7,-68.8,15
"KLAUS.1990",4.86552890933121,0.803094126427241,40,"October","TS","Active",15.6,-59.3,30
"KRISTY.1971",3.53464377188007,0.783773378150839,21,"October","TS","Active",25,-58.5,25
"KYLE.1996",3.80446544399626,0.735333351962301,46,"October","TS","Active",17.3,-86.5,30
"KYLE.2002",3.48151611868881,0.934388539060057,52,"September","SS","Active",28.3,-51.8,25
"KYLE.2008",3.99850007428045,0.921571643445905,58,"September","TS","Active",21.5,-70,30
"LARRY.2003",3.36794132860838,0.935351347137609,53,"September","DS","Active",18.5,-84.7,15
"LAURA.1971",5.68434307150908,0.75260182228375,21,"November","TS","Inactive",12,-78.5,25
"LAURA.2008",4.29075083964361,0.776630381583745,58,"September","ET","Active",39,-35,40
"LAURIE.1969",4.94264316596906,0.946011665268286,19,"October","TS","Active",17.3,-85.1,25
"LEE.2005",2.47924140401033,0.63023880385683,55,"August","TS","Active",14,-45.1,25
"LEE.2011",3.82936431759885,0.837428705939594,61,"September","TS","Active",26.6,-91.4,30
"LENNY.1999",7.49385772493369,0.952295749546712,49,"November","TS","Inactive",16.7,-81.6,30
"LESLIE.2000",2.6954656922063,0.84369940871828,50,"October","SS","Active",29,-81.4,30
"LESLIE.2012",2.52233790236523,0.953164720933368,62,"August","DS","Active",12.9,-27.4,20
"LILI.1984",2.77938472133232,0.916391574918919,34,"December","SS","Inactive",34.5,-60.5,50
"LILI.1990",3.14431659174782,0.859926778129913,40,"October","SS","Active",36,-44,45
"LILI.1996",4.10365762159372,0.938354820473513,46,"October","TS","Active",12.8,-80.4,25
"LILI.2002",5.98741428542153,0.944505990982554,52,"September","TS","Active",10.2,-44.6,25
"LISA.1998",3.19146947760174,0.857757936133334,48,"October","TS","Active",13.9,-46.4,30
"LISA.2004",3.98326804526546,0.836624685058299,54,"September","TS","Active",13.3,-32.4,30
"LISA.2010",3.91625572763765,0.894093026030372,60,"September","DS","Active",15.2,-32,25
"LOIS.1966",4.3317596725696,0.925906806439076,16,"November","TS","Inactive",26.5,-50,25
"LORENZO.2001",1.46609950755743,0.64892353154351,51,"October","TS","Active",27.2,-34.9,30
"LORENZO.2007",10.4678267686678,0.607733045315995,57,"September","TS","Active",21.8,-94.8,25
"LORENZO.2013",2.76749034484798,0.897406307458758,63,"October","TS","Active",27.6,-55.9,30
"LOVE.1950",5.02261007783755,0.899373071270489,0,"October","TS","Active",25.5,-89.5,40
"LUIS.1995",3.2593518192399,0.988435914463335,45,"August","TS","Active",11.3,-22.7,25
"MARCO.1990",3.93062963266142,0.920995088759998,40,"October","TS","Active",22.5,-79.5,25
"MARCO.1996",4.74399595264367,0.869037788762289,46,"November","DS","Inactive",10.5,-77.5,20
"MARCO.2008",9.5658247486358,-0.0214511976366112,58,"October","TS","Active",18.5,-91.7,25
"MARIA.2005",4.11090126940772,0.925054078866623,55,"September","TS","Active",18.8,-45.5,30
"MARIA.2011",2.5853992180652,0.898534892748399,61,"September","TS","Active",11.5,-35.9,30
"MARILYN.1995",3.36608313585477,0.984502711013505,45,"September","TS","Active",11.7,-50.9,30
"MARTHA.1969",6.34406349649517,0.853941824666104,19,"November","TS","Inactive",10.3,-81,45
"MATTHEW.2004",4.5047296351367,0.602106096359239,54,"October","TS","Active",24,-95.4,30
"MATTHEW.2010",3.5474418519485,0.888654654882603,60,"September","TS","Active",13.7,-74.8,30
"MELISSA.2007",2.7084583964392,0.609533979083005,57,"September","TS","Active",14,-25.8,25
"MELISSA.2013",3.00175634401327,0.759440477324562,63,"November","ET","Inactive",23.9,-52.4,35
"MICHAEL.2000",6.07669391092699,0.852110302329523,50,"October","SS","Active",30,-71.2,30
"MICHAEL.2012",4.01108222719639,0.974205717564739,62,"September","DS","Active",28.9,-36.7,20
"MICHELLE.2001",6.22467466478073,0.960997739321514,51,"October","TS","Active",13.3,-83.6,30
"MIKE.1950",3.26831577684053,0.519315039228487,0,"October","TS","Active",24.7,-42.2,25
"MINDY.2003",2.41059949621768,0.581608724956123,53,"October","TS","Active",19.1,-68.8,40
"MITCH.1998",4.8248931774925,0.98444642343815,48,"October","TS","Active",11.6,-76.1,30
"NADINE.2000",3.75049919680701,0.729838801388055,50,"October","TS","Active",26.2,-59.9,25
"NADINE.2012",2.78022084388834,0.940251078221651,62,"September","TS","Active",15.5,-38,25
"NANA.1990",3.95103567217604,0.952701400540583,40,"October","TS","Active",22.2,-60.4,25
"NANA.2008",2.64056333357097,0.67347942781193,58,"October","TS","Active",15.5,-36.6,30
"NATE.2005",4.1756395825236,0.918363396544846,55,"September","TS","Active",28.4,-67,30
"NATE.2011",4.23582026689911,0.830233723633606,61,"September","DS","Active",20.3,-93.9,30
"NICHOLAS.2003",2.79630683906894,0.928657720523146,53,"October","TS","Active",9.5,-37,25
"NICOLE.1998",4.85302702473642,0.868673897343711,48,"November","TS","Inactive",28.3,-28,30
"NICOLE.2004",2.27551925272564,0.0679621834854877,54,"October","ET","Active",30,-65.2,40
"NICOLE.2010",3.18605126421007,-0.827166078471423,60,"September","DS","Active",19.4,-84.1,25
"NINETEEN.2005",2.15504690144403,0.0897314791049942,55,"September","TS","Active",11.8,-32.7,25
"NOEL.1995",3.22030628779851,0.918474409380116,45,"September","TS","Active",10.4,-37.7,25
"NOEL.2001",2.73575162644828,0.822855929902618,51,"November","SS","Inactive",33.9,-50.4,45
"NOEL.2007",4.38004365967324,0.931196664350039,57,"October","DS","Active",18,-60.2,20
"ODETTE.2003",3.37735951623429,0.616586309179889,53,"December","TS","Inactive",12.9,-76.2,30
"OLGA.2001",4.39345798820026,0.931683111045157,51,"November","ET","Inactive",30.5,-51,25
"OLGA.2007",2.57484828421257,0.855457461965369,57,"December","DS","Inactive",18.3,-61.8,35
"OMAR.2008",7.93378486454505,0.895580022949734,58,"October","TS","Active",15.4,-69,25
"ONE:UNNAMED.1988",2.44623618402338,-0.172878007732949,38,"May","TS","Inactive",20.3,-84.7,25
"ONE:UNNAMED.1993",2.67484627656109,0.473146353761953,43,"May","TS","Inactive",21.5,-84,25
"ONE.2009",2.21263128312919,0.0806893489235071,59,"May","DS","Inactive",30.6,-75.4,25
"OPAL.1995",7.93253006385298,0.918774324881911,45,"September","TS","Active",19.1,-87.3,25
"OPHELIA.2005",3.57375559948677,0.92447493379445,55,"September","TS","Active",25.8,-78.6,25
"OPHELIA.2011",4.93249876150344,0.965656531290474,61,"September","DS","Active",11.6,-37,25
"OSCAR.2012",2.59478425067518,0.832024424285818,62,"October","DS","Active",12.4,-38,25
"OTTO.2004",2.36510460570027,0.877768517149346,54,"November","ET","Inactive",28,-40,30
"OTTO.2010",2.99318778537686,0.962418797379551,60,"October","SS","Active",22,-67.2,30
"PABLO.1995",4.73394183309499,0.464341434791605,45,"October","TS","Active",8.3,-31.4,30
"PALOMA.2008",7.56674789811024,0.948358929337732,58,"November","TS","Inactive",13.7,-81.7,25
"PATTY.2012",3.0823031851291,0.0380649663379811,62,"October","DS","Active",25.5,-72.5,25
"PAULA.2010",5.85191525746667,0.925646831653509,60,"October","TS","Active",13.9,-81.8,30
"PETER.2003",5.7057136335588,0.550871558896146,53,"December","SS","Inactive",27.5,-34.5,40
"PHILIPPE.2005",3.50534491218894,0.934089970747833,55,"September","TS","Active",13.3,-54.5,30
"PHILIPPE.2011",3.81854060636013,0.921314764613936,61,"September","DS","Active",8.3,-17.5,20
"RAFAEL.2012",2.73926158612441,0.966812735367019,62,"October","TS","Active",14.7,-62.7,35
"RICHARD.2010",5.49558535138616,0.903617675687222,60,"October","DS","Active",17.2,-83.4,30
"RINA.2011",5.58668918074376,0.958531543844841,61,"October","DS","Active",12.7,-81,25
"RITA.2005",8.03612830589356,0.963649261903939,55,"September","TS","Active",21.3,-69.9,25
"ROXANNE.1995",3.93694524549338,0.959705076060284,45,"October","TS","Active",14,-82.1,25
"SANDY.2012",5.39786562859909,0.919526111740391,62,"October","DS","Active",14.3,-77.4,25
"SEAN.2011",2.20886904532924,0.902128389834906,61,"November","ET","Inactive",28.5,-70,45
"SEBASTIEN.1995",3.91118459921349,0.792930282150957,45,"October","TS","Active",13.8,-53.8,25
"SHARY.2010",4.72398721179975,0.708403545683965,60,"October","TS","Active",25.6,-61.2,30
"SIX:UNNAMED.1988",3.02549325346413,-0.594762175683885,38,"August","TS","Active",12.5,-60.7,25
"SIXTEEN.2008",1.12276489217543,-Inf,58,"October","TS","Active",15.5,-82.8,25
"STAN.2005",8.34056120376765,0.599273111124654,55,"October","TS","Active",18.9,-85.6,25
"SUBTROP:UNNAMED.1968",2.94969356230067,0.952361229503694,18,"September","SS","Active",31.5,-73,20
"SUBTROP:UNNAMED.1969",3.37521913187776,0.877975787774997,19,"September","SS","Active",23.5,-85.5,30
"SUBTROP:UNNAMED.1974(1)",9.38187954648736,-0.280286019269788,24,"June","SS","Inactive",24,-88,30
"SUBTROP:UNNAMED.1974(2)",2.97339580530068,0.725260981104394,24,"July","SS","Inactive",29,-75,25
"SUBTROP:UNNAMED.1974(3)",2.38496030027566,0.664521979960308,24,"August","SS","Active",38,-70,35
"SUBTROP:UNNAMED.1974(4)",3.44843090526145,0.606156428374424,24,"October","TS","Active",21,-75.2,30
"SUBTROP:UNNAMED.1975",3.68845249039822,0.878045681309439,25,"December","SS","Inactive",41.6,-42.9,35
"SUBTROP:UNNAMED.1976(1)",2.93233636266957,0.803460650426647,26,"May","SS","Inactive",24,-89,20
"SUBTROP:UNNAMED.1976(2)",4.1796134804926,0.726639857867841,26,"September","SS","Active",28,-81.5,15
"SUBTROP:UNNAMED.1978",2.87158016620561,0.669015819982884,28,"January","SS","Inactive",22,-44,25
"SUBTROP:UNNAMED.1979",6.83728174630281,0.608432023549068,29,"October","SS","Active",29,-66,25
"SUBTROP:UNNAMED.1981",2.54949081095838,0.656168375504941,31,"November","SS","Inactive",31,-74,45
"SUBTROP:UNNAMED.1982",5.63748185244203,0.11718884342741,32,"June","SS","Inactive",25.8,-86.4,25
"SUBTROP:UNNAMED.1984",3.58232232506486,0.769005401668154,34,"August","SS","Active",33,-65,25
"SUBTROP:UNNAMED.1992",4.33541907104902,0.741613018891395,42,"April","SS","Inactive",24,-59,25
"SUBTROP:UNNAMED.2000",2.36054281741836,0.883307613656659,50,"October","ET","Active",21.5,-69.5,30
"TAMMY.2005",4.17344981619723,0.906760356690052,55,"October","TS","Active",27.3,-79.7,35
"TANYA.1995",2.62140127700402,0.954376121552349,45,"October","TS","Active",24.6,-59.2,30
"TEN.2005",1.333761636587,-0.427089238369945,55,"August","TS","Active",13.3,-43.6,25
"TEN.2007",4.31965232626266,-1.98550339516582,57,"September","SS","Active",29.1,-85.4,30
"TEN.2011",1.91779588085883,-0.20146073994211,61,"August","TS","Active",12.3,-29,30
"TONY.2012",3.27904564897213,0.756385071381402,62,"October","DS","Active",20.1,-50.8,25
"TWELVE.2010",2.81611588803677,0.743011363812355,60,"September","NR","Active",10.9,-7,15
"TWENTY-TWO.2005",2.21001577123206,0.847369696590798,55,"October","SS","Active",26.1,-57.4,30
"TWO.2010",3.02068688315091,0.543772537698002,60,"July","DS","Inactive",21.5,-91.1,25
"VINCE.2005",4.65267183057949,0.832407572931087,55,"October","SS","Active",32.9,-20.6,40
"WILMA.2005",10.283467819349,0.92265379172704,55,"October","TS","Active",17.6,-78.5,25
"ZETA.2005",3.25189685912989,0.9030762564212,55,"December","TS","Inactive",23.9,-35.6,30
